{"id": 209, "pred": "1", "label": "1", "question": "Does drug Macitentan interact with protein Endothelin receptor type B?", "desc": "node_id,node_attr\n0,Vitamin K2\n\nsrc,edge_attr,dst\n"}
{"id": 280, "pred": "1", "label": "1", "question": "Does drug Ximelagatran interact with protein Prothrombin?", "desc": "node_id,node_attr\n0,Farnesoid X receptor\n\nsrc,edge_attr,dst\n"}
{"id": 33, "pred": "1", "label": "1", "question": "Does drug (3S)-1-(1,3-BENZODIOXOL-5-YLMETHYL)-3-[4-(1H-IMIDAZOL-1-YL)PHENOXY]PIPERIDINE interact with protein Nitric oxide synthase, inducible?", "desc": "node_id,node_attr\n0,spironolactone\n\nsrc,edge_attr,dst\n"}
{"id": 210, "pred": "1", "label": "1", "question": "Does drug NADH interact with protein Sterol-4-alpha-carboxylate 3-dehydrogenase, decarboxylating?", "desc": "node_id,node_attr\n0,Curcuma extract\n\nsrc,edge_attr,dst\n"}
{"id": 93, "pred": "1", "label": "1", "question": "Does drug Fostamatinib interact with protein Tyrosine-protein kinase ABL1?", "desc": "node_id,node_attr\n0,daunorubicin\n\nsrc,edge_attr,dst\n"}
{"id": 84, "pred": "1", "label": "1", "question": "Does drug Nilotinib interact with protein Tyrosine-protein kinase ABL1?", "desc": "node_id,node_attr\n0,7\u03b2-hydroxysteroid dehydrogenase derived from Ruminococcus torques\n1,whole-cell\n\nsrc,edge_attr,dst\n0,Located in,1\n"}
{"id": 329, "pred": "1", "label": "1", "question": "Does drug Vidarabine interact with protein Probable pyruvate-flavodoxin oxidoreductase?", "desc": "node_id,node_attr\n0,Diphenyl phosphate\n\nsrc,edge_attr,dst\n"}
{"id": 94, "pred": "1", "label": "1", "question": "Does drug Brigatinib interact with protein Tyrosine-protein kinase ABL1?", "desc": "node_id,node_attr\n0,clofibric acid\n\nsrc,edge_attr,dst\n"}
{"id": 266, "pred": "1", "label": "1", "question": "Does drug Hemi-Babim interact with protein Prothrombin?", "desc": "node_id,node_attr\n0,Breast cancer\n\nsrc,edge_attr,dst\n"}
{"id": 126, "pred": "1", "label": "1", "question": "Does drug Loxoprofen interact with protein Prostaglandin G/H synthase 1?", "desc": "node_id,node_attr\n0,Opioid growth factor\n\nsrc,edge_attr,dst\n"}
{"id": 9, "pred": "1", "label": "1", "question": "Does drug Dexamethasone interact with protein Nitric oxide synthase, inducible?", "desc": "node_id,node_attr\n0,Bisphenol A\n\nsrc,edge_attr,dst\n"}
{"id": 361, "pred": "1", "label": "1", "question": "Does drug 4-{2-[(7-amino-2-furan-2-yl[1,2,4]triazolo[1,5-a][1,3,5]triazin-5-yl)amino]ethyl}phenol interact with protein Diacylglycerol kinase delta?", "desc": "node_id,node_attr\n0,Gestodene\n1,Protein S\n\nsrc,edge_attr,dst\n0,Has side effect,1\n"}
{"id": 56, "pred": "1", "label": "1", "question": "Does drug Alvocidib interact with protein Glycogen phosphorylase, liver form?", "desc": "node_id,node_attr\n0,Vitamin D\n1,Adipose stem cells\n\nsrc,edge_attr,dst\n0,Regulates,1\n"}
{"id": 72, "pred": "1", "label": "1", "question": "Does drug Xanthinol interact with protein Isocitrate dehydrogenase [NAD] subunit alpha, mitochondrial?", "desc": "node_id,node_attr\n0,maternal and cord blood plasma\n1,cholic acid to chenodeoxycholic acid ratio\n\nsrc,edge_attr,dst\n0,Involved in,1\n"}
{"id": 132, "pred": "1", "label": "1", "question": "Does drug Phenyl salicylate interact with protein Prostaglandin G/H synthase 1?", "desc": "node_id,node_attr\n0,Daidzein\n1,Estrogenic\n\nsrc,edge_attr,dst\n0,Affects,1\n"}
{"id": 42, "pred": "1", "label": "1", "question": "Does drug Triflusal interact with protein Nitric oxide synthase, inducible?", "desc": "node_id,node_attr\n0,deoxycholic acid\n\nsrc,edge_attr,dst\n"}
{"id": 278, "pred": "1", "label": "1", "question": "Does drug 1-GUANIDINO-4-(N-PHENYLMETHANESULFONYL-L-LEUCYL-L-PROLYLAMINO)BUTANE interact with protein Prothrombin?", "desc": "node_id,node_attr\n0,Estrogen receptor\n\nsrc,edge_attr,dst\n"}
{"id": 376, "pred": "1", "label": "1", "question": "Does drug RPR131247 interact with protein Geranylgeranyl transferase type-2 subunit alpha?", "desc": "node_id,node_attr\n0,Hydroxychloroquine\n\nsrc,edge_attr,dst\n"}
{"id": 231, "pred": "1", "label": "1", "question": "Does drug Quetiapine interact with protein Muscarinic acetylcholine receptor M3?", "desc": "node_id,node_attr\n0,Estramustine Phosphate\n\nsrc,edge_attr,dst\n"}
{"id": 385, "pred": "1", "label": "1", "question": "Does drug Astaxanthin interact with protein Solute carrier family 13 member 1?", "desc": "node_id,node_attr\n0,Palmoplantar plaque psoriasis\n1,Upadacitinib\n\nsrc,edge_attr,dst\n0,Treats,1\n"}
{"id": 77, "pred": "1", "label": "1", "question": "Does drug Cannabidiol interact with protein Adenosine receptor A1?", "desc": "node_id,node_attr\n0,triglyceride and free fatty acid levels and \u03b2-hydroxybutyrate\n\nsrc,edge_attr,dst\n"}
{"id": 15, "pred": "1", "label": "1", "question": "Does drug S-Ethylisothiourea interact with protein Nitric oxide synthase, inducible?", "desc": "node_id,node_attr\n0,Bisphenol AF\n\nsrc,edge_attr,dst\n"}
{"id": 391, "pred": "1", "label": "1", "question": "Does drug 4-NITROPHENYL-(6-S-ALPHA-D-XYLOPYRANOSYL)-BETA-D-GLUCOPYRANOSIDE interact with protein Macrophage metalloelastase?", "desc": "node_id,node_attr\n0,Autoimmune Hemolytic Anemia\n1,Spesolimab\n\nsrc,edge_attr,dst\n0,Treats,1\n"}
{"id": 271, "pred": "1", "label": "1", "question": "Does drug gamma-carboxy-L-glutamic acid interact with protein Prothrombin?", "desc": "node_id,node_attr\n0,Heart failure\n1,Cardiovascular disease\n\nsrc,edge_attr,dst\n0,Causes,1\n"}
{"id": 0, "pred": "1", "label": "1", "question": "Does drug Pyridoxal phosphate interact with protein Glycogen phosphorylase, liver form?", "desc": "node_id,node_attr\n0,asthma\n1,systemic inflammation\n\nsrc,edge_attr,dst\n0,Involved in,1\n"}
{"id": 396, "pred": "1", "label": "1", "question": "Does drug (3r)-1-Acetyl-3-Methylpiperidine interact with protein ADP/ATP translocase 2?", "desc": "node_id,node_attr\n0,Severe hypertriglyceridemia\n1,Niacin\n\nsrc,edge_attr,dst\n0,Treats,1\n"}
{"id": 114, "pred": "1", "label": "1", "question": "Does drug P-(2'-Iodo-5'-Thenoyl)Hydrotropic Acid interact with protein Prostaglandin G/H synthase 1?", "desc": "node_id,node_attr\n0,CYP gene polymorphisms\n\nsrc,edge_attr,dst\n"}
{"id": 225, "pred": "1", "label": "1", "question": "Does drug Nicardipine interact with protein Muscarinic acetylcholine receptor M3?", "desc": "node_id,node_attr\n0,Estrogen receptor alpha\n1,Oxytocin receptor\n\nsrc,edge_attr,dst\n0,Upregulates,1\n"}
{"id": 262, "pred": "1", "label": "1", "question": "Does drug Argatroban interact with protein Prothrombin?", "desc": "node_id,node_attr\n0,HSP90\n\nsrc,edge_attr,dst\n"}
{"id": 104, "pred": "1", "label": "1", "question": "Does drug O-acetyl-L-serine interact with protein Prostaglandin G/H synthase 1?", "desc": "node_id,node_attr\n0,Clomiphene citrate\n\nsrc,edge_attr,dst\n"}
{"id": 395, "pred": "1", "label": "1", "question": "Does drug Propidium interact with protein Ribosomal small subunit pseudouridine synthase A?", "desc": "node_id,node_attr\n0,Severe hypertriglyceridemia\n1,Insulin\n\nsrc,edge_attr,dst\n0,Regulates,1\n"}
{"id": 193, "pred": "1", "label": "1", "question": "Does drug Ethambutol interact with protein Probable arabinosyltransferase A?", "desc": "node_id,node_attr\n0,Primary aldosteronism\n\nsrc,edge_attr,dst\n"}
{"id": 261, "pred": "1", "label": "1", "question": "Does drug Bivalirudin interact with protein Prothrombin?", "desc": "node_id,node_attr\n0,Tumor-infiltrating CD8+ T cells\n1,Tumor-infiltrating NK cells\n\nsrc,edge_attr,dst\n0,Interacts,1\n"}
{"id": 57, "pred": "1", "label": "1", "question": "Does drug Cp403700, (S)-1-{2-[(5-Chloro-1h-Indole-2-Carbonyl)-Amino]-3-Phenyl-Propionyl}-Azetidine-3-Carboxylate interact with protein Glycogen phosphorylase, liver form?", "desc": "node_id,node_attr\n0,Vitamin D\n1,Adipocytes\n\nsrc,edge_attr,dst\n0,Regulates,1\n"}
{"id": 232, "pred": "1", "label": "1", "question": "Does drug Mivacurium interact with protein Muscarinic acetylcholine receptor M3?", "desc": "node_id,node_attr\n0,Flutamide\n\nsrc,edge_attr,dst\n"}
{"id": 116, "pred": "1", "label": "1", "question": "Does drug Niflumic acid interact with protein Prostaglandin G/H synthase 1?", "desc": "node_id,node_attr\n0,danavorexton\n1,men\n\nsrc,edge_attr,dst\n0,Treats,1\n"}
{"id": 113, "pred": "1", "label": "1", "question": "Does drug Acetic Acid Salicyloyl-Amino-Ester interact with protein Prostaglandin G/H synthase 1?", "desc": "node_id,node_attr\n0,CYP enzymatic activities\n\nsrc,edge_attr,dst\n"}
{"id": 342, "pred": "1", "label": "1", "question": "Does drug AICA ribonucleotide interact with protein Tubulin beta chain?", "desc": "node_id,node_attr\n0,Pollution of the aquatic ecosystem\n1,Danio rerio\n\nsrc,edge_attr,dst\n0,Affects,1\n"}
{"id": 158, "pred": "1", "label": "1", "question": "Does drug Halofuginone interact with protein Collagen alpha-1?", "desc": "node_id,node_attr\n0,Barakat syndrome\n\nsrc,edge_attr,dst\n"}
{"id": 141, "pred": "1", "label": "1", "question": "Does drug Oxytetracycline interact with protein Small ribosomal subunit protein uS4?", "desc": "node_id,node_attr\n0,Parathyroid calcium-sensing receptor\n\nsrc,edge_attr,dst\n"}
{"id": 381, "pred": "1", "label": "1", "question": "Does drug 1-Naphthyl-L-alanine interact with protein CAI-1 autoinducer synthase?", "desc": "node_id,node_attr\n0,Olmsted syndrome\n\nsrc,edge_attr,dst\n"}
{"id": 55, "pred": "1", "label": "1", "question": "Does drug 5-Chloro-1h-Indole-2-Carboxylic Acid{[Cyclopentyl-(2-Hydroxy-Ethyl)-Carbamoyl]-Methyl}-Amide interact with protein Glycogen phosphorylase, liver form?", "desc": "node_id,node_attr\n0,Vitamin D\n\nsrc,edge_attr,dst\n"}
{"id": 76, "pred": "1", "label": "1", "question": "Does drug Naxifylline interact with protein Adenosine receptor A1?", "desc": "node_id,node_attr\n0,cord plasma\n1,triglyceride and free fatty acid levels and \u03b2-hydroxybutyrate\n\nsrc,edge_attr,dst\n0,Involved in,1\n"}
{"id": 25, "pred": "1", "label": "1", "question": "Does drug Fenoxaprop-ethyl interact with protein Nitric oxide synthase, inducible?", "desc": "node_id,node_attr\n0,Bisphenol AF\n\nsrc,edge_attr,dst\n"}
{"id": 82, "pred": "1", "label": "1", "question": "Does drug Dasatinib interact with protein Tyrosine-protein kinase ABL1?", "desc": "node_id,node_attr\n0,glucose dehydrogenase derived from Priestia megaterium\n\nsrc,edge_attr,dst\n"}
{"id": 382, "pred": "1", "label": "1", "question": "Does drug tert-butyl 4-(3-thiophen-2-yl-1,2,4-oxadiazol-5-yl)piperidine-1-carboxylate interact with protein 5-hydroxytryptamine receptor 1D?", "desc": "node_id,node_attr\n0,Olmsted syndrome\n1,Acitretin\n\nsrc,edge_attr,dst\n0,Treats,1\n"}
{"id": 148, "pred": "1", "label": "1", "question": "Does drug Sunitinib interact with protein Vascular endothelial growth factor receptor 3?", "desc": "node_id,node_attr\n0,CASR\n\nsrc,edge_attr,dst\n"}
{"id": 181, "pred": "1", "label": "1", "question": "Does drug Fostamatinib interact with protein Vascular endothelial growth factor receptor 1?", "desc": "node_id,node_attr\n0,Finerenone\n1,Eplerenone\n\nsrc,edge_attr,dst\n0,Interacts,1\n"}
{"id": 22, "pred": "1", "label": "1", "question": "Does drug Thiocitrulline interact with protein Nitric oxide synthase, inducible?", "desc": "node_id,node_attr\n0,Bisphenol AF\n\nsrc,edge_attr,dst\n"}
{"id": 173, "pred": "1", "label": "1", "question": "Does drug TG-100801 interact with protein Vascular endothelial growth factor receptor 1?", "desc": "node_id,node_attr\n0,Dydrogesterone\n\nsrc,edge_attr,dst\n"}
{"id": 46, "pred": "1", "label": "1", "question": "Does drug Estradiol interact with protein 17-beta-hydroxysteroid dehydrogenase type 2?", "desc": "node_id,node_attr\n0,CD2AP\n\nsrc,edge_attr,dst\n"}
{"id": 321, "pred": "1", "label": "1", "question": "Does drug Quinine interact with protein Microtubule-associated protein 2?", "desc": "node_id,node_attr\n0,Metabolic Syndrome\n\nsrc,edge_attr,dst\n"}
{"id": 338, "pred": "1", "label": "1", "question": "Does drug Olsalazine interact with protein Cathepsin G?", "desc": "node_id,node_attr\n0,Pollution of the aquatic ecosystem\n\nsrc,edge_attr,dst\n"}
{"id": 70, "pred": "1", "label": "1", "question": "Does drug 5-methyltetrahydrofolic acid interact with protein Aminomethyltransferase, mitochondrial?", "desc": "node_id,node_attr\n0,Intrahepatic cholestasis of pregnancy\n\nsrc,edge_attr,dst\n"}
{"id": 374, "pred": "1", "label": "1", "question": "Does drug Formycin interact with protein L-lactate dehydrogenase C chain?", "desc": "node_id,node_attr\n0,Remdesivir\n1,Angiotensin-converting enzyme\n\nsrc,edge_attr,dst\n0,Binds,1\n"}
{"id": 39, "pred": "1", "label": "1", "question": "Does drug 1-(6-CYANO-3-PYRIDYLCARBONYL)-5',8'-DIFLUOROSPIRO[PIPERIDINE-4,2'(1'H)-QUINAZOLINE]-4'-AMINE interact with protein Nitric oxide synthase, inducible?", "desc": "node_id,node_attr\n0,DCA-secondary bile acid (SBA) receptors (SBAR)\n1,DCA-secondary bile acid (SBA) receptors (SBAR)-nuclear factor-kappaB (NF-\u03baB)/NOD-like receptor family pyrin domain-containing 3 (NLRP3) pathways\n\nsrc,edge_attr,dst\n0,Located in,1\n"}
{"id": 223, "pred": "1", "label": "1", "question": "Does drug Nortriptyline interact with protein Muscarinic acetylcholine receptor M3?", "desc": "node_id,node_attr\n0,T/E2 ratio\n\nsrc,edge_attr,dst\n"}
{"id": 172, "pred": "1", "label": "1", "question": "Does drug Vatalanib interact with protein Vascular endothelial growth factor receptor 1?", "desc": "node_id,node_attr\n0,Dydrogesterone\n\nsrc,edge_attr,dst\n"}
{"id": 30, "pred": "1", "label": "1", "question": "Does drug (2S)-2-methyl-2,3-dihydrothieno[2,3-f][1,4]oxazepin-5-amine interact with protein Nitric oxide synthase, inducible?", "desc": "node_id,node_attr\n0,finasteride\n\nsrc,edge_attr,dst\n"}
{"id": 152, "pred": "1", "label": "1", "question": "Does drug Pazopanib interact with protein Vascular endothelial growth factor receptor 3?", "desc": "node_id,node_attr\n0,Calcitriol\n\nsrc,edge_attr,dst\n"}
{"id": 124, "pred": "1", "label": "1", "question": "Does drug Triflusal interact with protein Prostaglandin G/H synthase 1?", "desc": "node_id,node_attr\n0,DXP/P\n1,Analgesic\n\nsrc,edge_attr,dst\n0,Treats,1\n"}
{"id": 294, "pred": "1", "label": "1", "question": "Does drug 1-[2-AMINO-2-CYCLOHEXYL-ACETYL]-PYRROLIDINE-3-CARBOXYLIC ACID 5-CHLORO-2-(2-ETHYLCARBAMOYL-ETHOXY)-BENZYLAMIDE interact with protein Prothrombin?", "desc": "node_id,node_attr\n0,Esrrg\n1,Huntington's disease\n\nsrc,edge_attr,dst\n0,Affects,1\n"}
{"id": 255, "pred": "1", "label": "1", "question": "Does drug Diphemanil interact with protein Muscarinic acetylcholine receptor M3?", "desc": "node_id,node_attr\n0,CDK4/6\n1,CDK4/6i\n\nsrc,edge_attr,dst\n0,Inhibits,1\n"}
{"id": 78, "pred": "1", "label": "1", "question": "Does drug Istradefylline interact with protein Adenosine receptor A1?", "desc": "node_id,node_attr\n0,Ursodeoxycholic acid\n\nsrc,edge_attr,dst\n"}
{"id": 101, "pred": "1", "label": "1", "question": "Does drug Salsalate interact with protein Prostaglandin G/H synthase 1?", "desc": "node_id,node_attr\n0,letrozole\n1,metformin\n\nsrc,edge_attr,dst\n0,Does not enhance,1\n"}
{"id": 31, "pred": "1", "label": "1", "question": "Does drug (3R)-3-[(1,2,3,4-tetrahydroisoquinolin-7-yloxy)methyl]-2,3-dihydrothieno[2,3-f][1,4]oxazepin-5-amine interact with protein Nitric oxide synthase, inducible?", "desc": "node_id,node_attr\n0,minoxidil\n\nsrc,edge_attr,dst\n"}
{"id": 352, "pred": "1", "label": "1", "question": "Does drug trans-2-hydroxycinnamic acid interact with protein Aminoglycoside N?", "desc": "node_id,node_attr\n0,Deep Vein Thrombosis\n1,Oral Contraceptives\n\nsrc,edge_attr,dst\n0,Affects,1\n"}
{"id": 268, "pred": "1", "label": "1", "question": "Does drug 4-Oxo-2-Phenylmethanesulfonyl-Octahydro-Pyrrolo[1,2-a]Pyrazine-6-Carboxylic Acid [1-(N-Hydroxycarbamimidoyl)-Piperidin-4-Ylmethyl]-Amide interact with protein Prothrombin?", "desc": "node_id,node_attr\n0,Breast cancer\n\nsrc,edge_attr,dst\n"}
{"id": 394, "pred": "1", "label": "1", "question": "Does drug Thymectacin interact with protein Transforming protein RhoA?", "desc": "node_id,node_attr\n0,Labrafil M 1944 CS\n1,Labrafac PG\n\nsrc,edge_attr,dst\n0,Mixes,1\n"}
{"id": 73, "pred": "1", "label": "1", "question": "Does drug Tramadol interact with protein Adenosine receptor A1?", "desc": "node_id,node_attr\n0,cholic acid to chenodeoxycholic acid ratio\n1,Intrahepatic cholestasis of pregnancy\n\nsrc,edge_attr,dst\n0,Indicates,1\n"}
{"id": 320, "pred": "1", "label": "1", "question": "Does drug Alvimopan interact with protein Peptide deformylase?", "desc": "node_id,node_attr\n0,Metabolic syndrome\n1,DHEA-S\n\nsrc,edge_attr,dst\n0,Regulates,1\n"}
{"id": 140, "pred": "1", "label": "1", "question": "Does drug Clomocycline interact with protein Small ribosomal subunit protein uS4?", "desc": "node_id,node_attr\n0,Diethylstilbestrol\n\nsrc,edge_attr,dst\n"}
{"id": 5, "pred": "1", "label": "1", "question": "Does drug N-Acetyl-Serine interact with protein Coagulation factor XIII A chain?", "desc": "node_id,node_attr\n0,MICB\n1,macrophages\n\nsrc,edge_attr,dst\n0,Expressed in,1\n"}
{"id": 45, "pred": "1", "label": "1", "question": "Does drug NADH interact with protein 17-beta-hydroxysteroid dehydrogenase type 2?", "desc": "node_id,node_attr\n0,Ulcerative colitis\n\nsrc,edge_attr,dst\n"}
{"id": 388, "pred": "1", "label": "1", "question": "Does drug 4-Methyl-N-[5-(5-methyl-furan-2-ylmethylene)-4-oxo-thiazolidin-2-ylidene]-benzenesulfonamide interact with protein 3-phosphoshikimate 1-carboxyvinyltransferase?", "desc": "node_id,node_attr\n0,Acrodermatitis continua of Hallopeau\n1,Spesolimab\n\nsrc,edge_attr,dst\n0,Treats,1\n"}
{"id": 246, "pred": "1", "label": "1", "question": "Does drug Umeclidinium interact with protein Muscarinic acetylcholine receptor M3?", "desc": "node_id,node_attr\n0,KCNN3\n\nsrc,edge_attr,dst\n"}
{"id": 227, "pred": "1", "label": "1", "question": "Does drug Benzquinamide interact with protein Muscarinic acetylcholine receptor M3?", "desc": "node_id,node_attr\n0,Oxytocin\n\nsrc,edge_attr,dst\n"}
{"id": 369, "pred": "1", "label": "1", "question": "Does drug Nonivamide interact with protein Muscarinic acetylcholine receptor M3?", "desc": "node_id,node_attr\n0,Norgestrel\n\nsrc,edge_attr,dst\n"}
{"id": 176, "pred": "1", "label": "1", "question": "Does drug Pazopanib interact with protein Vascular endothelial growth factor receptor 1?", "desc": "node_id,node_attr\n0,Turner syndrome\n1,Ischemic cardiomyopathy\n\nsrc,edge_attr,dst\n0,Causes,1\n"}
{"id": 289, "pred": "1", "label": "1", "question": "Does drug N-ALLYL-5-AMIDINOAMINOOXY-PROPYLOXY-3-CHLORO-N-CYCLOPENTYLBENZAMIDE interact with protein Prothrombin?", "desc": "node_id,node_attr\n0,Mitogen-activated protein kinase signaling pathways\n\nsrc,edge_attr,dst\n"}
